,Adsorption Energy O,Bulk ICOHP,Oxidation state bulk,Metal Symbol,Outer Electrons,Adsorbate O,Bulk File,Psi,O 2p-center,predicted COHP,row,p ICOHP,Oxidation state surface,Adsorption Energy OH,Adsorbate OH,Adsorption Energy O-OH,Adsorbate,Outer electrons surface,Outer electrons bulk,Is d0,Normalized ICOHP,Normalized ICOHP Pred,Ionization energy surface,Ionization energy bulk,Electronegativity,Group,Period,Atomic nos
1,0.1036235350000112,-6.7967900000000006,2,Ti,2,O,/Volumes/GoogleDrive-116077131897504880587/Shared drives/Pure_Oxide_Descriptors/Manuscript_2/DFT_Data/bulk_data/+2/01_TiO/no_sym/ICOHPLIST.lobster,7.919597331848456,-5.703890445013491,-6.575545831157776,3d,0.0,1.93,-1.2642727549999933,OH,1.3678962900000045,O-OH,2.0700000000000003,2,0,-3.3983950000000003,-3.287772915578888,13.739676321243524,13.745855,1.54,4,4,22
2,-0.7132847200000185,-9.96046,3,Ti,1,O,/Volumes/GoogleDrive-116077131897504880587/Shared drives/Pure_Oxide_Descriptors/Manuscript_2/DFT_Data/bulk_data/+3/01_Ti2O3/no_sym/ICOHPLIST.lobster,6.001932437987127,-5.19022013580108,-9.669242583986314,3d,0.0,2.833,-1.063356099999993,OH,0.3500713799999744,O-OH,1.1669999999999998,1,0,-3.3201533333333333,-3.2230808613287714,14.342629078715143,14.42239,1.54,4,4,22
5,0.9097298700000068,-5.88548,2,V,3,O,/Volumes/GoogleDrive-116077131897504880587/Shared drives/Pure_Oxide_Descriptors/Manuscript_2/DFT_Data/bulk_data/+2/02_VO/no_sym/ICOHPLIST.lobster,9.208867570199484,-4.843283977564256,-5.1418360571170085,3d,0.0,1.93,-0.3445842249999913,OH,1.254314094999998,O-OH,3.0700000000000003,3,0,-2.94274,-2.5709180285585043,14.65421243523316,14.6555,1.63,5,4,23
6,0.9747504599999957,-8.21667,3,V,2,O,/Volumes/GoogleDrive-116077131897504880587/Shared drives/Pure_Oxide_Descriptors/Manuscript_2/DFT_Data/bulk_data/+3/02_V2O3/no_sym/ICOHPLIST.lobster,7.830143548033811,-3.625484423460227,-8.228343840549112,3d,0.0,2.833,0.0170079399999849,OH,0.9577425200000108,O-OH,2.167,2,0,-2.73889,-2.742781280183037,15.461889869396401,15.569666666666668,1.63,5,4,23
7,1.958801550000004,-11.43987,4,V,1,O,/Volumes/GoogleDrive-116077131897504880587/Shared drives/Pure_Oxide_Descriptors/Manuscript_2/DFT_Data/bulk_data/+4/01_VO2/no_sym/ICOHPLIST.lobster,5.934139146954678,-3.2205687317448093,-11.622005216280067,3d,0.0,3.333,0.1937255500000105,OH,1.7650759999999934,O-OH,1.6669999999999998,1,0,-2.8599675,-2.905501304070017,15.869694704470447,16.3204125,1.63,5,4,23
8,2.18619111000001,-11.43987,4,V,1,O,/Volumes/GoogleDrive-116077131897504880587/Shared drives/Pure_Oxide_Descriptors/Manuscript_2/DFT_Data/bulk_data/+4/01_VO2/no_sym/ICOHPLIST.lobster,5.934139146954678,-3.2205687317448093,-11.622005216280067,3d,0.0,4.0,0.7030296899999939,OH,1.483161420000016,O-OH,1.0,1,0,-2.8599675,-2.905501304070017,16.3204125,16.3204125,1.63,5,4,23
11,2.1963947200000007,-8.19114,3,Cr,3,O,/Volumes/GoogleDrive-116077131897504880587/Shared drives/Pure_Oxide_Descriptors/Manuscript_2/DFT_Data/bulk_data/+3/03_Cr2O3/no_sym/ICOHPLIST.lobster,9.175339249232014,-2.8129685228621906,-8.321760045095479,3d,0.0,2.833,0.684970050000004,OH,1.5114246699999967,O-OH,3.167,3,0,-2.7303800000000003,-2.7739200150318264,16.279774091069537,16.386666666666667,1.66,6,4,24
12,3.2340354399999853,-10.465090000000002,4,Cr,2,O,/Volumes/GoogleDrive-116077131897504880587/Shared drives/Pure_Oxide_Descriptors/Manuscript_2/DFT_Data/bulk_data/+4/02_CrO2/no_sym/ICOHPLIST.lobster,7.80163498668264,-2.8983502366326763,-10.793523501621015,3d,0.0,3.333,1.125645999999989,OH,2.1083894399999963,O-OH,2.667,2,0,-2.6162725000000004,-2.698380875405254,16.777647764776475,17.365,1.66,6,4,24
13,3.403052669999994,-10.465090000000002,4,Cr,2,O,/Volumes/GoogleDrive-116077131897504880587/Shared drives/Pure_Oxide_Descriptors/Manuscript_2/DFT_Data/bulk_data/+4/02_CrO2/no_sym/ICOHPLIST.lobster,7.80163498668264,-2.8983502366326763,-10.793523501621015,3d,0.0,4.0,1.3257011599999942,OH,2.07735151,O-OH,2.0,2,0,-2.6162725000000004,-2.698380875405254,17.365,17.365,1.66,6,4,24
14,3.184760369999992,-12.355380000000002,5,Cr,1,O,/Volumes/GoogleDrive-116077131897504880587/Shared drives/Pure_Oxide_Descriptors/Manuscript_2/DFT_Data/bulk_data/+5/01_Cr2O5/no_sym/ICOHPLIST.lobster,5.9125336975910034,-2.611120332146957,-12.177141433882287,3d,0.0,4.0,1.376989079999987,OH,1.8077712900000047,O-OH,2.0,1,0,-2.4710760000000005,-2.4354282867764576,17.365,18.127000000000002,1.66,6,4,24
15,3.2803973699999744,-12.355380000000002,5,Cr,1,O,/Volumes/GoogleDrive-116077131897504880587/Shared drives/Pure_Oxide_Descriptors/Manuscript_2/DFT_Data/bulk_data/+5/01_Cr2O5/no_sym/ICOHPLIST.lobster,5.9125336975910034,-2.611120332146957,-12.177141433882287,3d,0.0,5.0,1.5167923099999712,OH,1.7636050600000033,O-OH,1.0,1,0,-2.4710760000000005,-2.4354282867764576,18.127000000000002,18.127000000000002,1.66,6,4,24
16,3.592636694999996,-4.47904,2,Mn,5,O,/Volumes/GoogleDrive-116077131897504880587/Shared drives/Pure_Oxide_Descriptors/Manuscript_2/DFT_Data/bulk_data/+2/04_MnO/no_sym/ICOHPLIST.lobster,11.410821419150508,-3.13807987214662,-4.272045248035156,3d,0.0,1.93,0.9874598399999996,OH,2.6051768549999963,O-OH,5.07,5,0,-2.23952,-2.136022624017578,16.790693937823832,16.834,1.55,7,4,25
17,3.4642642899999885,-6.975040000000001,3,Mn,4,O,/Volumes/GoogleDrive-116077131897504880587/Shared drives/Pure_Oxide_Descriptors/Manuscript_2/DFT_Data/bulk_data/+3/04_Mn2O3/no_sym/ICOHPLIST.lobster,10.43645256323614,-3.023842386797459,-7.076374640650404,3d,0.0,2.833,1.3870310699999775,OH,2.0772332200000108,O-OH,4.167,4,0,-2.3250133333333336,-2.358791546883468,17.039236145428877,17.066666666666666,1.55,7,4,25
18,4.094782609999982,-9.56053,4,Mn,3,O,/Volumes/GoogleDrive-116077131897504880587/Shared drives/Pure_Oxide_Descriptors/Manuscript_2/DFT_Data/bulk_data/+4/03_MnO2/no_sym/ICOHPLIST.lobster,9.302022995835172,-2.50789743650093,-9.795701569484493,3d,0.0,3.333,1.5346961499999736,OH,2.560086460000008,O-OH,3.667,3,0,-2.3901325,-2.448925392371123,17.47962796279628,18.1,1.55,7,4,25
19,4.015549669999984,-9.56053,4,Mn,3,O,/Volumes/GoogleDrive-116077131897504880587/Shared drives/Pure_Oxide_Descriptors/Manuscript_2/DFT_Data/bulk_data/+4/03_MnO2/no_sym/ICOHPLIST.lobster,9.302022995835172,-2.50789743650093,-9.795701569484493,3d,0.0,4.0,1.479763840000004,OH,2.5357858299999805,O-OH,3.0,3,0,-2.3901325,-2.448925392371123,18.1,18.1,1.55,7,4,25
20,3.857908779999974,-10.30656,5,Mn,2,O,/Volumes/GoogleDrive-116077131897504880587/Shared drives/Pure_Oxide_Descriptors/Manuscript_2/DFT_Data/bulk_data/+5/02_Mn2O5/no_sym/ICOHPLIST.lobster,7.909352022848464,-2.165854805564052,-10.14960227982483,3d,0.0,4.0,1.3904358499999887,OH,2.4674729299999854,O-OH,3.0,2,0,-2.061312,-2.029920455964966,18.1,19.119999999999997,1.55,7,4,25
21,3.796402229999984,-10.30656,5,Mn,2,O,/Volumes/GoogleDrive-116077131897504880587/Shared drives/Pure_Oxide_Descriptors/Manuscript_2/DFT_Data/bulk_data/+5/02_Mn2O5/no_sym/ICOHPLIST.lobster,7.909352022848464,-2.165854805564052,-10.14960227982483,3d,0.0,5.0,1.401593599999984,OH,2.39480863,O-OH,2.0,2,0,-2.061312,-2.029920455964966,19.119999999999997,19.119999999999997,1.55,7,4,25
22,3.2693677150000013,-4.55058,2,Fe,6,O,/Volumes/GoogleDrive-116077131897504880587/Shared drives/Pure_Oxide_Descriptors/Manuscript_2/DFT_Data/bulk_data/+2/05_FeO/no_sym/ICOHPLIST.lobster,11.873138360360416,-3.531003466735678,-4.39130370382644,3d,0.0,1.93,0.507777125000004,OH,2.7615905899999973,O-OH,6.07,6,0,-2.27529,-2.19565185191322,15.357188601036269,15.3255,1.83,8,4,26
23,4.280780579999998,-6.16804,3,Fe,5,O,/Volumes/GoogleDrive-116077131897504880587/Shared drives/Pure_Oxide_Descriptors/Manuscript_2/DFT_Data/bulk_data/+3/05_Fe2O3/no_sym/ICOHPLIST.lobster,11.03806711391862,-2.602998384262561,-6.167169181344326,3d,0.0,2.833,1.3946918299999993,OH,2.886088749999999,O-OH,5.167,5,0,-2.0560133333333335,-2.0557230604481087,17.95225803035651,18.30333333333333,1.83,8,4,26
24,4.711598299999992,-8.18512,4,Fe,4,O,/Volumes/GoogleDrive-116077131897504880587/Shared drives/Pure_Oxide_Descriptors/Manuscript_2/DFT_Data/bulk_data/+4/04_FeO2/no_sym/ICOHPLIST.lobster,10.095527709415736,-2.7064079920110737,-8.412773275083902,3d,0.0,3.333,1.8822180100000023,OH,2.829380289999989,O-OH,4.667,4,0,-2.04628,-2.1031933187709755,18.481839183918392,18.75,1.83,8,4,26
25,4.525998889999997,-8.18512,4,Fe,4,O,/Volumes/GoogleDrive-116077131897504880587/Shared drives/Pure_Oxide_Descriptors/Manuscript_2/DFT_Data/bulk_data/+4/04_FeO2/no_sym/ICOHPLIST.lobster,10.095527709415736,-2.7064079920110737,-8.412773275083902,3d,0.0,4.0,1.833247540000002,OH,2.6927513499999947,O-OH,4.0,4,0,-2.04628,-2.1031933187709755,18.75,18.75,1.83,8,4,26
26,4.129885399999978,-8.8749,5,Fe,3,O,/Volumes/GoogleDrive-116077131897504880587/Shared drives/Pure_Oxide_Descriptors/Manuscript_2/DFT_Data/bulk_data/+5/03_Fe2O5/no_sym/ICOHPLIST.lobster,8.998156254634194,-2.066414043576712,-8.44533521584572,3d,0.0,4.0,1.564258489999986,OH,2.565626909999992,O-OH,4.0,3,0,-1.77498,-1.689067043169144,18.75,19.797,1.83,8,4,26
27,3.915313309999988,-8.8749,5,Fe,3,O,/Volumes/GoogleDrive-116077131897504880587/Shared drives/Pure_Oxide_Descriptors/Manuscript_2/DFT_Data/bulk_data/+5/03_Fe2O5/no_sym/ICOHPLIST.lobster,8.998156254634194,-2.066414043576712,-8.44533521584572,3d,0.0,5.0,1.606227969999992,OH,2.309085339999996,O-OH,3.0,3,0,-1.77498,-1.689067043169144,19.797,19.797,1.83,8,4,26
28,3.505487775000006,-4.65011,2,Co,7,O,/Volumes/GoogleDrive-116077131897504880587/Shared drives/Pure_Oxide_Descriptors/Manuscript_2/DFT_Data/bulk_data/+2/06_CoO/no_sym/ICOHPLIST.lobster,12.560383297740012,-3.332755855478756,-4.488575590227721,3d,0.0,1.93,1.077551630000002,OH,2.427936145000004,O-OH,7.07,7,0,-2.325055,-2.2442877951138605,16.762128497409325,16.75,1.88,9,4,27
29,2.762137660000008,-7.99875,3,Co,6,O,/Volumes/GoogleDrive-116077131897504880587/Shared drives/Pure_Oxide_Descriptors/Manuscript_2/DFT_Data/bulk_data/+3/06_Co2O3/no_sym/ICOHPLIST.lobster,11.809300582557755,-3.018249076162344,-8.116797246689384,3d,0.0,2.833,0.7621218399999918,OH,2.000015820000016,O-OH,6.167,6,0,-2.6662500000000002,-2.7055990822297944,17.04991528415108,17.09,1.88,9,4,27
30,3.773014469999993,-9.32898,4,Co,5,O,/Volumes/GoogleDrive-116077131897504880587/Shared drives/Pure_Oxide_Descriptors/Manuscript_2/DFT_Data/bulk_data/+4/05_CoO2/no_sym/ICOHPLIST.lobster,10.97871922674654,-2.734645355551286,-9.606932495817135,3d,0.0,3.333,1.3849585600000012,OH,2.3880559099999914,O-OH,5.667,5,0,-2.332245,-2.401733123954284,18.202997299729976,19.875,1.88,9,4,27
31,3.6909155100000106,-9.32898,4,Co,5,O,/Volumes/GoogleDrive-116077131897504880587/Shared drives/Pure_Oxide_Descriptors/Manuscript_2/DFT_Data/bulk_data/+4/05_CoO2/no_sym/ICOHPLIST.lobster,10.97871922674654,-2.734645355551286,-9.606932495817135,3d,0.0,4.0,1.3429571800000133,OH,2.3479583299999973,O-OH,5.0,5,0,-2.332245,-2.401733123954284,19.875,19.875,1.88,9,4,27
32,3.548003469999969,-10.06511,5,Co,4,O,/Volumes/GoogleDrive-116077131897504880587/Shared drives/Pure_Oxide_Descriptors/Manuscript_2/DFT_Data/bulk_data/+5/04_Co2O5/no_sym/ICOHPLIST.lobster,10.041247532165723,-2.21093681325959,-9.800972995791218,3d,0.0,4.0,1.3709691799999746,OH,2.1770342899999946,O-OH,5.0,4,0,-2.0130220000000003,-1.9601945991582437,19.875,20.4,1.88,9,4,27
33,3.9770838899999887,-10.06511,5,Co,4,O,/Volumes/GoogleDrive-116077131897504880587/Shared drives/Pure_Oxide_Descriptors/Manuscript_2/DFT_Data/bulk_data/+5/04_Co2O5/no_sym/ICOHPLIST.lobster,10.041247532165723,-2.21093681325959,-9.800972995791218,3d,0.0,5.0,1.7826373000000046,OH,2.194446589999984,O-OH,4.0,4,0,-2.0130220000000003,-1.9601945991582437,20.4,20.4,1.88,9,4,27
34,4.420900984999996,-4.59362,2,Ni,8,O,/Volumes/GoogleDrive-116077131897504880587/Shared drives/Pure_Oxide_Descriptors/Manuscript_2/DFT_Data/bulk_data/+2/07_NiO/no_sym/ICOHPLIST.lobster,13.207620081293902,-2.7142467082765283,-4.443222942905437,3d,0.0,1.93,1.8610465699999992,OH,2.5598544149999967,O-OH,8.07,8,0,-2.29681,-2.2216114714527184,17.61581274093264,17.595,1.91,10,4,28
35,4.479703749999999,-6.00802,3,Ni,7,O,/Volumes/GoogleDrive-116077131897504880587/Shared drives/Pure_Oxide_Descriptors/Manuscript_2/DFT_Data/bulk_data/+3/07_Ni2O3/no_sym/ICOHPLIST.lobster,12.52067633859022,-2.6872838474305683,-6.037701293075413,3d,0.0,2.833,1.7548626099999751,OH,2.724841140000024,O-OH,7.167,7,0,-2.0026733333333335,-2.012567097691804,18.216883162725026,18.3,1.91,10,4,28
36,4.480876070000008,-8.171389999999999,4,Ni,6,O,/Volumes/GoogleDrive-116077131897504880587/Shared drives/Pure_Oxide_Descriptors/Manuscript_2/DFT_Data/bulk_data/+4/06_NiO2/no_sym/ICOHPLIST.lobster,11.771968010397828,-2.157936116876706,-8.12790747107292,3d,0.0,3.333,2.0972767400000123,OH,2.383599329999996,O-OH,6.667,6,0,-2.0428474999999997,-2.03197686776823,18.585742574257424,19.015,1.91,10,4,28
37,4.0941954200000055,-8.171389999999999,4,Ni,6,O,/Volumes/GoogleDrive-116077131897504880587/Shared drives/Pure_Oxide_Descriptors/Manuscript_2/DFT_Data/bulk_data/+4/06_NiO2/no_sym/ICOHPLIST.lobster,11.771968010397828,-2.157936116876706,-8.12790747107292,3d,0.0,4.0,1.6035417900000084,OH,2.490653629999997,O-OH,6.0,6,0,-2.0428474999999997,-2.03197686776823,19.015,19.015,1.91,10,4,28
38,4.75157462,-6.005010000000001,4,Cu,7,O,/Volumes/GoogleDrive-116077131897504880587/Shared drives/Pure_Oxide_Descriptors/Manuscript_2/DFT_Data/bulk_data/+4/07_CuO2/no_sym/ICOHPLIST.lobster,12.533828338542303,-2.013448009334133,-6.188588615580923,3d,0.0,3.333,2.2884642799999995,OH,2.46311034,O-OH,7.667,7,0,-1.5012525000000003,-1.5471471538952308,19.455703570357034,19.95,1.9,11,4,29
39,4.709045009999997,-6.005010000000001,4,Cu,7,O,/Volumes/GoogleDrive-116077131897504880587/Shared drives/Pure_Oxide_Descriptors/Manuscript_2/DFT_Data/bulk_data/+4/07_CuO2/no_sym/ICOHPLIST.lobster,12.533828338542303,-2.013448009334133,-6.188588615580923,3d,0.0,4.0,2.278097509999995,OH,2.430947500000002,O-OH,7.0,7,0,-1.5012525000000003,-1.5471471538952308,19.95,19.95,1.9,11,4,29
40,4.665064084999997,-3.527359999999999,2,Zn,10,O,/Volumes/GoogleDrive-116077131897504880587/Shared drives/Pure_Oxide_Descriptors/Manuscript_2/DFT_Data/bulk_data/+2/09_ZnO/no_sym/ICOHPLIST.lobster,14.86957164310144,-2.8625629582388057,-3.3239416501745778,3d,0.0,1.93,1.816516374999999,OH,2.8485477099999983,O-OH,10.07,10,0,-1.7636799999999995,-1.6619708250872889,19.792692901554403,19.8615,1.65,12,4,30
41,4.794566389999986,-4.24144,3,Zn,9,O,/Volumes/GoogleDrive-116077131897504880587/Shared drives/Pure_Oxide_Descriptors/Manuscript_2/DFT_Data/bulk_data/+3/09_Zn2O3/no_sym/ICOHPLIST.lobster,14.255926956437358,-2.1917222438474115,-4.217314543918126,3d,0.0,2.833,1.9112189499999768,OH,2.8833474400000085,O-OH,9.167,9,0,-1.4138133333333334,-1.4057715146393752,19.858118602188494,19.857666666666667,1.65,12,4,30
42,4.817226870000013,-4.93987,4,Zn,8,O,/Volumes/GoogleDrive-116077131897504880587/Shared drives/Pure_Oxide_Descriptors/Manuscript_2/DFT_Data/bulk_data/+4/08_ZnO2/no_sym/ICOHPLIST.lobster,13.599860464771206,-1.8188669372042643,-5.053921508653263,3d,0.0,3.333,2.230525390000011,OH,2.586701480000002,O-OH,8.667,8,0,-1.2349675,-1.2634803771633158,20.17431473147315,20.65,1.65,12,4,30
43,4.757155339999997,-4.93987,4,Zn,8,O,/Volumes/GoogleDrive-116077131897504880587/Shared drives/Pure_Oxide_Descriptors/Manuscript_2/DFT_Data/bulk_data/+4/08_ZnO2/no_sym/ICOHPLIST.lobster,13.599860464771206,-1.8188669372042643,-5.053921508653263,3d,0.0,4.0,2.573420529999993,OH,2.183734810000004,O-OH,8.0,8,0,-1.2349675,-1.2634803771633158,20.65,20.65,1.65,12,4,30
44,4.304232200000001,-4.805119999999999,3,Ga,10,O,/Volumes/GoogleDrive-116077131897504880587/Shared drives/Pure_Oxide_Descriptors/Manuscript_2/DFT_Data/bulk_data/+3/10_Ga2O3/no_sym/ICOHPLIST.lobster,14.596862988096058,-2.36748777376825,-5.003014116402219,3d,-5.867330000000002,2.833,1.6799711099999968,OH,2.6242610900000045,O-OH,10.167,10,0,-1.6017066666666662,-1.667671372134073,20.406281327214966,21.080333333333332,1.81,13,4,31
45,4.741778619999991,-5.25853,4,Ga,9,O,/Volumes/GoogleDrive-116077131897504880587/Shared drives/Pure_Oxide_Descriptors/Manuscript_2/DFT_Data/bulk_data/+4/09_GaO2/no_sym/ICOHPLIST.lobster,13.994472574330214,-1.6744251701098007,-5.65759070441451,3d,-4.991985,3.333,2.081958209999982,OH,2.659820410000009,O-OH,9.667,9,0,-1.3146325,-1.4143976761036274,21.249048004800482,21.5025,1.81,13,4,31
46,4.654239590000003,-5.25853,4,Ga,9,O,/Volumes/GoogleDrive-116077131897504880587/Shared drives/Pure_Oxide_Descriptors/Manuscript_2/DFT_Data/bulk_data/+4/09_GaO2/no_sym/ICOHPLIST.lobster,13.994472574330214,-1.6744251701098007,-5.65759070441451,3d,-4.991985,4.0,2.168456400000011,OH,2.4857831899999923,O-OH,9.0,9,0,-1.3146325,-1.4143976761036274,21.5025,21.5025,1.81,13,4,31
47,4.4545226199999775,-6.034879999999999,5,Ga,8,O,/Volumes/GoogleDrive-116077131897504880587/Shared drives/Pure_Oxide_Descriptors/Manuscript_2/DFT_Data/bulk_data/+5/08_Ga2O5/no_sym/ICOHPLIST.lobster,13.35043837349467,-1.7073691895844023,-5.395306667462846,3d,-4.037748,4.0,1.8992933600000013,OH,2.555229259999976,O-OH,9.0,8,0,-1.2069759999999998,-1.0790613334925692,21.5025,22.54,1.81,13,4,31
48,4.407339119999989,-6.35476,4,Ge,10,O,/Volumes/GoogleDrive-116077131897504880587/Shared drives/Pure_Oxide_Descriptors/Manuscript_2/DFT_Data/bulk_data/+4/10_GeO2/no_sym/ICOHPLIST.lobster,14.294074295291788,-3.543982126442998,-6.452445469000095,3d,-5.8658225,3.333,1.6025459399999988,OH,2.80479317999999,O-OH,10.667,10,0,-1.58869,-1.6131113672500237,18.19034053405341,22.625,2.01,14,4,32
49,4.505709780000004,-6.35476,4,Ge,10,O,/Volumes/GoogleDrive-116077131897504880587/Shared drives/Pure_Oxide_Descriptors/Manuscript_2/DFT_Data/bulk_data/+4/10_GeO2/no_sym/ICOHPLIST.lobster,14.294074295291788,-3.543982126442998,-6.452445469000095,3d,-5.8658225,4.0,1.7843677000000042,OH,2.7213420799999994,O-OH,10.0,10,0,-1.58869,-1.6131113672500237,22.625,22.625,2.01,14,4,32
51,-2.06285151000003,-11.43394,3,Zr,1,O,/Volumes/GoogleDrive-116077131897504880587/Shared drives/Pure_Oxide_Descriptors/Manuscript_2/DFT_Data/bulk_data/+3/01_Zr2O3/no_sym/ICOHPLIST.lobster,6.180518608674013,-5.778642731925262,-11.190841004213592,4d,0.0,2.833,-2.187311790000024,OH,0.1244602799999938,O-OH,1.1669999999999998,1,0,-3.811313333333333,-3.730280334737864,11.486016194846453,11.472786666666666,1.33,4,5,40
54,-1.3403664199999523,-11.66886,3,Nb,2,O,/Volumes/GoogleDrive-116077131897504880587/Shared drives/Pure_Oxide_Descriptors/Manuscript_2/DFT_Data/bulk_data/+3/02_Nb2O3/no_sym/ICOHPLIST.lobster,7.859288808997262,-5.118101044255918,-11.239814942442226,4d,0.0,2.833,-1.2096175899999937,OH,-0.130748829999959,O-OH,2.167,2,0,-3.8896200000000003,-3.7466049808140753,12.53263783974585,12.536999999999999,1.6,5,5,41
55,-0.2471059700000069,-14.44955,4,Nb,1,O,/Volumes/GoogleDrive-116077131897504880587/Shared drives/Pure_Oxide_Descriptors/Manuscript_2/DFT_Data/bulk_data/+4/01_NbO2/no_sym/ICOHPLIST.lobster,5.956227124393464,-4.58568520971128,-14.270590253644809,4d,0.0,3.333,-1.0331504800000175,OH,0.7860445100000106,O-OH,1.6669999999999998,1,0,-3.6123875,-3.567647563411202,12.579441764176417,12.6432,1.6,5,5,41
56,0.2305838700000038,-14.44955,4,Nb,1,O,/Volumes/GoogleDrive-116077131897504880587/Shared drives/Pure_Oxide_Descriptors/Manuscript_2/DFT_Data/bulk_data/+4/01_NbO2/no_sym/ICOHPLIST.lobster,5.956227124393464,-4.58568520971128,-14.270590253644809,4d,0.0,4.0,-0.7488003199999866,OH,0.9793841899999904,O-OH,1.0,1,0,-3.6123875,-3.567647563411202,12.6432,12.6432,1.6,5,5,41
59,-0.428265720000013,-10.7999,3,Mo,3,O,/Volumes/GoogleDrive-116077131897504880587/Shared drives/Pure_Oxide_Descriptors/Manuscript_2/DFT_Data/bulk_data/+3/03_Mo2O3/no_sym/ICOHPLIST.lobster,8.704683766713305,-4.874016339772792,-10.92159723055478,4d,0.0,2.833,-0.9144637300000228,OH,0.4861980100000096,O-OH,3.167,3,0,-3.5999666666666665,-3.640532410184927,13.457677373808682,13.443333333333333,2.16,6,5,42
60,-0.2763444900000138,-14.13476,4,Mo,2,O,/Volumes/GoogleDrive-116077131897504880587/Shared drives/Pure_Oxide_Descriptors/Manuscript_2/DFT_Data/bulk_data/+4/02_MoO2/no_sym/ICOHPLIST.lobster,7.40144463084383,-4.241225049455491,-13.467448941628913,4d,0.0,3.333,-0.6729427900000076,OH,0.3965982999999937,O-OH,2.667,2,0,-3.53369,-3.366862235407228,13.514435943594359,13.62125,2.16,6,5,42
61,-0.055886049999998,-14.13476,4,Mo,2,O,/Volumes/GoogleDrive-116077131897504880587/Shared drives/Pure_Oxide_Descriptors/Manuscript_2/DFT_Data/bulk_data/+4/02_MoO2/no_sym/ICOHPLIST.lobster,7.40144463084383,-4.241225049455491,-13.467448941628913,4d,0.0,4.0,-0.6243819400000064,OH,0.5684958900000083,O-OH,2.0,2,0,-3.53369,-3.366862235407228,13.62125,13.62125,2.16,6,5,42
62,-0.2186883200000124,-16.632709999999996,5,Mo,1,O,/Volumes/GoogleDrive-116077131897504880587/Shared drives/Pure_Oxide_Descriptors/Manuscript_2/DFT_Data/bulk_data/+5/01_Mo2O5/no_sym/ICOHPLIST.lobster,5.609246121539716,-4.030668648407914,-16.48316791304498,4d,0.0,4.0,-0.4429050100000324,OH,0.2242166900000199,O-OH,2.0,1,0,-3.326541999999999,-3.296633582608996,13.62125,13.765407999999999,2.16,6,5,42
63,0.1462493899999799,-16.632709999999996,5,Mo,1,O,/Volumes/GoogleDrive-116077131897504880587/Shared drives/Pure_Oxide_Descriptors/Manuscript_2/DFT_Data/bulk_data/+5/01_Mo2O5/no_sym/ICOHPLIST.lobster,5.609246121539716,-4.030668648407914,-16.48316791304498,4d,0.0,5.0,-0.3700403500000107,OH,0.5162897399999906,O-OH,1.0,1,0,-3.326541999999999,-3.296633582608996,13.765407999999999,13.765407999999999,2.16,6,5,42
65,0.0431192199999941,-10.63256,3,Tc,4,O,/Volumes/GoogleDrive-116077131897504880587/Shared drives/Pure_Oxide_Descriptors/Manuscript_2/DFT_Data/bulk_data/+3/04_Tc2O3/no_sym/ICOHPLIST.lobster,9.821444891389376,-5.074700465141147,-10.73173024088706,4d,0.0,2.833,-0.6444628100000216,OH,0.6875820300000157,O-OH,4.167,4,0,-3.5441866666666666,-3.57724341362902,13.797334980585951,13.666666666666666,2.1,7,5,43
66,0.5412371900000039,-13.58426,4,Tc,3,O,/Volumes/GoogleDrive-116077131897504880587/Shared drives/Pure_Oxide_Descriptors/Manuscript_2/DFT_Data/bulk_data/+4/03_TcO2/no_sym/ICOHPLIST.lobster,8.753865902084174,-4.507567186379954,-13.599228373445484,4d,0.0,3.333,-0.3635554699999943,OH,0.9047926599999982,O-OH,3.667,3,0,-3.396065,-3.399807093361371,13.8997899789979,14.25,2.1,7,5,43
67,0.9260291299999892,-13.58426,4,Tc,3,O,/Volumes/GoogleDrive-116077131897504880587/Shared drives/Pure_Oxide_Descriptors/Manuscript_2/DFT_Data/bulk_data/+4/03_TcO2/no_sym/ICOHPLIST.lobster,8.753865902084174,-4.507567186379954,-13.599228373445484,4d,0.0,4.0,0.1673353699999893,OH,0.7586937599999999,O-OH,3.0,3,0,-3.396065,-3.399807093361371,14.25,14.25,2.1,7,5,43
68,0.5289699199999802,-16.29654,5,Tc,2,O,/Volumes/GoogleDrive-116077131897504880587/Shared drives/Pure_Oxide_Descriptors/Manuscript_2/DFT_Data/bulk_data/+5/02_Tc2O5/no_sym/ICOHPLIST.lobster,7.443263364473897,-4.004269079291812,-16.025180940884393,4d,0.0,4.0,-0.127957140000035,OH,0.6569270600000152,O-OH,3.0,2,0,-3.259308,-3.2050361881768787,14.25,14.4,2.1,7,5,43
69,0.8341073499999823,-16.29654,5,Tc,2,O,/Volumes/GoogleDrive-116077131897504880587/Shared drives/Pure_Oxide_Descriptors/Manuscript_2/DFT_Data/bulk_data/+5/02_Tc2O5/no_sym/ICOHPLIST.lobster,7.443263364473897,-4.004269079291812,-16.025180940884393,4d,0.0,5.0,0.0472706500000015,OH,0.7868366999999807,O-OH,2.0,2,0,-3.259308,-3.2050361881768787,14.4,14.4,2.1,7,5,43
70,1.754185239999984,-18.705,6,Tc,1,O,/Volumes/GoogleDrive-116077131897504880587/Shared drives/Pure_Oxide_Descriptors/Manuscript_2/DFT_Data/bulk_data/+6/TcO3/no_sym/ICOHPLIST.lobster,5.640938795216505,-3.0342437524924515,-18.87004876351013,4d,0.0,5.0,0.3946813699999723,OH,1.3595038700000115,O-OH,2.0,1,0,-3.1174999999999997,-3.1450081272516885,14.4,14.666666666666666,2.1,7,5,43
71,0.6144019299999854,-9.82381,3,Ru,5,O,/Volumes/GoogleDrive-116077131897504880587/Shared drives/Pure_Oxide_Descriptors/Manuscript_2/DFT_Data/bulk_data/+3/05_Ru2O3/no_sym/ICOHPLIST.lobster,10.638948635278814,-4.383979682538225,-9.942430549584936,4d,0.0,2.833,-0.3795794499999942,OH,0.9939813799999796,O-OH,5.167,5,0,-3.2746033333333333,-3.3141435165283117,14.909809389339923,15.0,2.2,8,5,44
72,1.625445419999977,-12.48215,4,Ru,4,O,/Volumes/GoogleDrive-116077131897504880587/Shared drives/Pure_Oxide_Descriptors/Manuscript_2/DFT_Data/bulk_data/+4/04_RuO2/no_sym/ICOHPLIST.lobster,9.730489916216673,-3.998975475552759,-12.751590228293704,4d,0.0,3.333,0.1680003699999872,OH,1.4574450499999898,O-OH,4.667,4,0,-3.1205375,-3.187897557073426,14.900090009000902,14.75,2.2,8,5,44
73,1.827437609999976,-12.48215,4,Ru,4,O,/Volumes/GoogleDrive-116077131897504880587/Shared drives/Pure_Oxide_Descriptors/Manuscript_2/DFT_Data/bulk_data/+4/04_RuO2/no_sym/ICOHPLIST.lobster,9.730489916216673,-3.998975475552759,-12.751590228293704,4d,0.0,4.0,0.4127437599999837,OH,1.414693849999992,O-OH,4.0,4,0,-3.1205375,-3.187897557073426,14.75,14.75,2.2,8,5,44
74,1.662070779999965,-15.201719999999998,5,Ru,3,O,/Volumes/GoogleDrive-116077131897504880587/Shared drives/Pure_Oxide_Descriptors/Manuscript_2/DFT_Data/bulk_data/+5/03_Ru2O5/no_sym/ICOHPLIST.lobster,8.672797620930625,-3.4982795689180803,-14.492729829758735,4d,0.0,4.0,0.330817909999979,OH,1.331252869999986,O-OH,4.0,3,0,-3.0403439999999997,-2.898545965951747,14.75,15.2,2.2,8,5,44
75,1.8949301000000105,-15.201719999999998,5,Ru,3,O,/Volumes/GoogleDrive-116077131897504880587/Shared drives/Pure_Oxide_Descriptors/Manuscript_2/DFT_Data/bulk_data/+5/03_Ru2O5/no_sym/ICOHPLIST.lobster,8.672797620930625,-3.4982795689180803,-14.492729829758735,4d,0.0,5.0,0.4742302200000097,OH,1.4206998800000008,O-OH,3.0,3,0,-3.0403439999999997,-2.898545965951747,15.2,15.2,2.2,8,5,44
76,2.644637490000008,-16.95392,6,Ru,2,O,/Volumes/GoogleDrive-116077131897504880587/Shared drives/Pure_Oxide_Descriptors/Manuscript_2/DFT_Data/bulk_data/+6/RuO3/no_sym/ICOHPLIST.lobster,7.374332383135992,-3.0338009061003293,-17.42770934253782,4d,0.0,5.0,0.7694890300000026,OH,1.8751484600000052,O-OH,3.0,2,0,-2.8256533333333334,-2.9046182237563034,15.2,15.5,2.2,8,5,44
77,2.1881089899999893,-8.89071,3,Rh,6,O,/Volumes/GoogleDrive-116077131897504880587/Shared drives/Pure_Oxide_Descriptors/Manuscript_2/DFT_Data/bulk_data/+3/06_Rh2O3/no_sym/ICOHPLIST.lobster,11.362366073853735,-3.868307658908994,-9.042245956338324,4d,0.0,2.833,0.1943174399999634,OH,1.9937915500000256,O-OH,6.167,6,0,-2.9635700000000003,-3.014081985446108,14.180381221320154,14.0,2.28,9,5,45
78,2.541768879999978,-11.00606,4,Rh,5,O,/Volumes/GoogleDrive-116077131897504880587/Shared drives/Pure_Oxide_Descriptors/Manuscript_2/DFT_Data/bulk_data/+4/05_RhO2/no_sym/ICOHPLIST.lobster,10.56321888026094,-3.527456367139543,-11.252992088812055,4d,0.0,3.333,0.4624788099999648,OH,2.079290070000013,O-OH,5.667,5,0,-2.751515,-2.813248022203014,14.699369936993701,15.75,2.28,9,5,45
79,2.6952608900000143,-11.00606,4,Rh,5,O,/Volumes/GoogleDrive-116077131897504880587/Shared drives/Pure_Oxide_Descriptors/Manuscript_2/DFT_Data/bulk_data/+4/05_RhO2/no_sym/ICOHPLIST.lobster,10.56321888026094,-3.527456367139543,-11.252992088812055,4d,0.0,4.0,0.6185678900000084,OH,2.076693000000006,O-OH,5.0,5,0,-2.751515,-2.813248022203014,15.75,15.75,2.28,9,5,45
80,2.961564509999988,-12.513880000000002,5,Rh,4,O,/Volumes/GoogleDrive-116077131897504880587/Shared drives/Pure_Oxide_Descriptors/Manuscript_2/DFT_Data/bulk_data/+5/04_Rh2O5/no_sym/ICOHPLIST.lobster,9.661226717114886,-2.950002729341735,-11.967179667393626,4d,0.0,4.0,0.6903577299999881,OH,2.27120678,O-OH,5.0,4,0,-2.5027760000000003,-2.393435933478725,15.75,16.0,2.28,9,5,45
81,2.758158460000004,-12.513880000000002,5,Rh,4,O,/Volumes/GoogleDrive-116077131897504880587/Shared drives/Pure_Oxide_Descriptors/Manuscript_2/DFT_Data/bulk_data/+5/04_Rh2O5/no_sym/ICOHPLIST.lobster,9.661226717114886,-2.950002729341735,-11.967179667393626,4d,0.0,5.0,0.8179115000000081,OH,1.940246959999996,O-OH,4.0,4,0,-2.5027760000000003,-2.393435933478725,16.0,16.0,2.28,9,5,45
82,3.4811637999999974,-5.46946,2,Pd,8,O,/Volumes/GoogleDrive-116077131897504880587/Shared drives/Pure_Oxide_Descriptors/Manuscript_2/DFT_Data/bulk_data/+2/07_PdO/no_sym/ICOHPLIST.lobster,12.839458420143776,-3.461208593534137,-5.338039261230952,4d,0.0,1.93,0.9448507549999974,OH,2.536313045,O-OH,8.07,8,0,-2.73473,-2.669019630615476,16.572538860103627,16.465,2.2,10,5,46
83,3.6482599899999855,-7.6445,3,Pd,7,O,/Volumes/GoogleDrive-116077131897504880587/Shared drives/Pure_Oxide_Descriptors/Manuscript_2/DFT_Data/bulk_data/+3/07_Pd2O3/no_sym/ICOHPLIST.lobster,12.171663195331568,-3.3967002397621235,-7.5658376039475215,4d,0.0,2.833,0.9838424399999894,OH,2.664417549999996,O-OH,7.167,7,0,-2.5481666666666665,-2.5219458679825073,15.466752559124604,15.333333333333334,2.2,10,5,46
84,4.116144020000007,-9.45992,4,Pd,6,O,/Volumes/GoogleDrive-116077131897504880587/Shared drives/Pure_Oxide_Descriptors/Manuscript_2/DFT_Data/bulk_data/+4/06_PdO2/no_sym/ICOHPLIST.lobster,11.443825069350297,-2.520320089014622,-9.856402686279402,4d,0.0,3.333,0.8814808300000152,OH,3.234663189999992,O-OH,6.667,6,0,-2.36498,-2.4641006715698506,15.3000300030003,15.25,2.2,10,5,46
85,3.5204086000000103,-9.45992,4,Pd,6,O,/Volumes/GoogleDrive-116077131897504880587/Shared drives/Pure_Oxide_Descriptors/Manuscript_2/DFT_Data/bulk_data/+4/06_PdO2/no_sym/ICOHPLIST.lobster,11.443825069350297,-2.520320089014622,-9.856402686279402,4d,0.0,4.0,1.2362825600000065,OH,2.284126040000004,O-OH,6.0,6,0,-2.36498,-2.4641006715698506,15.25,15.25,2.2,10,5,46
86,3.29671823999999,-10.52812,5,Pd,5,O,/Volumes/GoogleDrive-116077131897504880587/Shared drives/Pure_Oxide_Descriptors/Manuscript_2/DFT_Data/bulk_data/+5/05_Pd2O5/no_sym/ICOHPLIST.lobster,10.638948635278814,-2.130221565719351,-10.321717137835204,4d,0.0,4.0,1.077498179999992,OH,2.219220059999998,O-OH,6.0,5,0,-2.1056239999999997,-2.064343427567041,15.25,16.82,2.2,10,5,46
87,3.5185013900000115,-10.52812,5,Pd,5,O,/Volumes/GoogleDrive-116077131897504880587/Shared drives/Pure_Oxide_Descriptors/Manuscript_2/DFT_Data/bulk_data/+5/05_Pd2O5/no_sym/ICOHPLIST.lobster,10.638948635278814,-2.130221565719351,-10.321717137835204,4d,0.0,5.0,0.9859642799999904,OH,2.532537110000021,O-OH,5.0,5,0,-2.1056239999999997,-2.064343427567041,16.82,16.82,2.2,10,5,46
88,4.5419518549999935,-3.84556,2,Ag,9,O,/Volumes/GoogleDrive-116077131897504880587/Shared drives/Pure_Oxide_Descriptors/Manuscript_2/DFT_Data/bulk_data/+2/08_AgO/no_sym/ICOHPLIST.lobster,13.815951135151863,-2.6525965332294312,-3.794640012200156,4d,0.0,1.93,1.8599638949999928,OH,2.6819879600000007,O-OH,9.07,9,0,-1.92278,-1.897320006100078,17.56259481865285,17.415,1.93,11,5,47
89,4.699578740000007,-5.224449999999999,3,Ag,8,O,/Volumes/GoogleDrive-116077131897504880587/Shared drives/Pure_Oxide_Descriptors/Manuscript_2/DFT_Data/bulk_data/+3/08_Ag2O3/no_sym/ICOHPLIST.lobster,13.180132600308918,-2.512469272329219,-5.263083067886916,4d,0.0,2.833,2.0584894400000024,OH,2.6410893000000044,O-OH,8.167,8,0,-1.741483333333333,-1.7543610226289719,16.46085774797035,16.333333333333332,1.93,11,5,47
90,4.776718740000007,-6.7414900000000015,4,Ag,7,O,/Volumes/GoogleDrive-116077131897504880587/Shared drives/Pure_Oxide_Descriptors/Manuscript_2/DFT_Data/bulk_data/+4/07_AgO2/no_sym/ICOHPLIST.lobster,12.494618513587849,-1.91620185331124,-6.859956848549993,4d,0.0,3.333,2.088802900000005,OH,2.6879158400000023,O-OH,7.667,7,0,-1.6853725000000004,-1.7149892121374983,16.3000300030003,16.25,1.93,11,5,47
91,4.596392219999999,-6.7414900000000015,4,Ag,7,O,/Volumes/GoogleDrive-116077131897504880587/Shared drives/Pure_Oxide_Descriptors/Manuscript_2/DFT_Data/bulk_data/+4/07_AgO2/no_sym/ICOHPLIST.lobster,12.494618513587849,-1.91620185331124,-6.859956848549993,4d,0.0,4.0,1.907824500000004,OH,2.6885677199999947,O-OH,7.0,7,0,-1.6853725000000004,-1.7149892121374983,16.25,16.25,1.93,11,5,47
92,4.870094635000001,-3.053270000000001,2,Cd,10,O,/Volumes/GoogleDrive-116077131897504880587/Shared drives/Pure_Oxide_Descriptors/Manuscript_2/DFT_Data/bulk_data/+2/09_CdO/no_sym/ICOHPLIST.lobster,14.79850711489767,-2.026947884473842,-2.9468573286172406,4d,0.0,1.93,2.148980385000001,OH,2.7211142499999994,O-OH,10.07,10,0,-1.5266350000000004,-1.4734286643086203,18.668747067357515,18.735,1.69,12,5,48
93,4.44477246000001,-3.6824500000000007,3,Cd,9,O,/Volumes/GoogleDrive-116077131897504880587/Shared drives/Pure_Oxide_Descriptors/Manuscript_2/DFT_Data/bulk_data/+3/09_Cd2O3/no_sym/ICOHPLIST.lobster,14.187795153613257,-1.806973893594226,-3.708239427535624,4d,0.0,2.833,2.132988860000012,OH,2.3117835999999983,O-OH,9.167,9,0,-1.2274833333333335,-1.2360798091785414,17.204549947052595,17.0,1.69,12,5,48
94,5.024646590000003,-3.90265,4,Cd,8,O,/Volumes/GoogleDrive-116077131897504880587/Shared drives/Pure_Oxide_Descriptors/Manuscript_2/DFT_Data/bulk_data/+4/08_CdO2/no_sym/ICOHPLIST.lobster,13.534864129250376,-1.679448822700005,-4.03612735777588,4d,0.0,3.333,2.256772500000011,OH,2.7678740899999923,O-OH,8.667,8,0,-0.9756625,-1.00903183944397,16.99000900090009,16.975,1.69,12,5,48
95,4.708414300000001,-3.90265,4,Cd,8,O,/Volumes/GoogleDrive-116077131897504880587/Shared drives/Pure_Oxide_Descriptors/Manuscript_2/DFT_Data/bulk_data/+4/08_CdO2/no_sym/ICOHPLIST.lobster,13.534864129250376,-1.679448822700005,-4.03612735777588,4d,0.0,4.0,2.0806685000000016,OH,2.6277458,O-OH,8.0,8,0,-0.9756625,-1.00903183944397,16.975,16.975,1.69,12,5,48
96,4.128877860000017,-4.050820000000001,3,In,10,O,/Volumes/GoogleDrive-116077131897504880587/Shared drives/Pure_Oxide_Descriptors/Manuscript_2/DFT_Data/bulk_data/+3/10_In2O3/no_sym/ICOHPLIST.lobster,14.64573750728753,-1.8669037308368812,-4.352012643629938,4d,-4.707586666666666,2.833,1.7646770199999935,OH,2.364200840000024,O-OH,10.167,10,0,-1.3502733333333337,-1.4506708812099793,17.957367825626545,18.483333333333334,1.78,13,5,49
97,4.851615380000013,-4.518929999999999,4,In,9,O,/Volumes/GoogleDrive-116077131897504880587/Shared drives/Pure_Oxide_Descriptors/Manuscript_2/DFT_Data/bulk_data/+4/09_InO2/no_sym/ICOHPLIST.lobster,14.04133011618468,-1.6098209809387958,-4.947085830364296,4d,-3.9672075,3.333,2.127687750000007,OH,2.7239276300000057,O-OH,9.667,9,0,-1.1297324999999998,-1.236771457591074,18.02041704170417,17.325,1.78,13,5,49
98,4.609503860000004,-4.518929999999999,4,In,9,O,/Volumes/GoogleDrive-116077131897504880587/Shared drives/Pure_Oxide_Descriptors/Manuscript_2/DFT_Data/bulk_data/+4/09_InO2/no_sym/ICOHPLIST.lobster,14.04133011618468,-1.6098209809387958,-4.947085830364296,4d,-3.9672075,4.0,2.027657860000005,OH,2.5818459999999988,O-OH,9.0,9,0,-1.1297324999999998,-1.236771457591074,17.325,17.325,1.78,13,5,49
99,4.130374969999991,-5.35698,5,In,8,O,/Volumes/GoogleDrive-116077131897504880587/Shared drives/Pure_Oxide_Descriptors/Manuscript_2/DFT_Data/bulk_data/+5/08_In2O5/no_sym/ICOHPLIST.lobster,13.395139502568227,-1.6623818455479629,-4.50846522609788,4d,-3.097802,4.0,1.627310289999997,OH,2.5030646799999943,O-OH,9.0,8,0,-1.071396,-0.901693045219576,17.325,18.0,1.78,13,5,49
100,4.433789279999985,-5.39426,4,Sn,10,O,/Volumes/GoogleDrive-116077131897504880587/Shared drives/Pure_Oxide_Descriptors/Manuscript_2/DFT_Data/bulk_data/+4/10_SnO2/no_sym/ICOHPLIST.lobster,14.36627026368095,-2.6931685706851294,-5.863514301608698,4d,-4.756832500000001,3.333,1.4002222199999892,OH,3.033567059999996,O-OH,10.667,10,0,-1.348565,-1.4658785754021746,15.847955295529552,19.2575,1.96,14,5,50
101,4.526084319999995,-5.39426,4,Sn,10,O,/Volumes/GoogleDrive-116077131897504880587/Shared drives/Pure_Oxide_Descriptors/Manuscript_2/DFT_Data/bulk_data/+4/10_SnO2/no_sym/ICOHPLIST.lobster,14.36627026368095,-2.6931685706851294,-5.863514301608698,4d,-4.756832500000001,4.0,1.6606341699999945,OH,2.865450150000001,O-OH,10.0,10,0,-1.348565,-1.4658785754021746,19.2575,19.2575,1.96,14,5,50
102,3.841727179999992,-6.45963,5,Sn,9,O,/Volumes/GoogleDrive-116077131897504880587/Shared drives/Pure_Oxide_Descriptors/Manuscript_2/DFT_Data/bulk_data/+5/09_Sn2O5/no_sym/ICOHPLIST.lobster,13.77339606218517,-3.314190804955404,-5.773984150939496,4d,-3.752534,4.0,0.9694774000000166,OH,2.872249779999976,O-OH,10.0,9,0,-1.291926,-1.1547968301878992,19.2575,18.8,1.96,14,5,50
104,-2.2170061799999985,-11.98389,3,Hf,1,O,/Volumes/GoogleDrive-116077131897504880587/Shared drives/Pure_Oxide_Descriptors/Manuscript_2/DFT_Data/bulk_data/+3/01_Hf2O3/no_sym/ICOHPLIST.lobster,6.208784355118703,-6.396407326038085,-11.905340774733329,5d,0.0,2.833,-2.7323724999999968,OH,0.5153663199999983,O-OH,1.1669999999999998,1,0,-3.9946300000000003,-3.9684469249111096,11.184246381927284,11.123333333333333,1.3,4,6,72
107,-1.8884112399999824,-11.737270000000002,3,Ta,2,O,/Volumes/GoogleDrive-116077131897504880587/Shared drives/Pure_Oxide_Descriptors/Manuscript_2/DFT_Data/bulk_data/+3/02_Ta2O3/no_sym/ICOHPLIST.lobster,7.961391723895566,-5.903030347664972,-11.708588895443777,5d,0.0,2.833,-1.923207609999963,OH,0.0347963699999809,O-OH,2.167,2,0,-3.9124233333333343,-3.9028629651479254,11.652912107306742,11.666666666666666,1.5,5,6,73
108,-1.0716364600000077,-15.05183,4,Ta,1,O,/Volumes/GoogleDrive-116077131897504880587/Shared drives/Pure_Oxide_Descriptors/Manuscript_2/DFT_Data/bulk_data/+4/01_TaO2/no_sym/ICOHPLIST.lobster,6.033606664193644,-5.195342649436199,-15.089102015439492,5d,0.0,3.333,-1.845709480000011,OH,0.774073020000003,O-OH,1.6669999999999998,1,0,-3.7629575,-3.772275503859873,11.827055505550554,12.068,1.5,5,6,73
109,-0.3860777400000188,-15.05183,4,Ta,1,O,/Volumes/GoogleDrive-116077131897504880587/Shared drives/Pure_Oxide_Descriptors/Manuscript_2/DFT_Data/bulk_data/+4/01_TaO2/no_sym/ICOHPLIST.lobster,6.033606664193644,-5.195342649436199,-15.089102015439492,5d,0.0,4.0,-1.4648872700000195,OH,1.078809530000001,O-OH,1.0,1,0,-3.7629575,-3.772275503859873,12.068,12.068,1.5,5,6,73
112,-1.3415555999999924,-10.791720000000002,3,W,3,O,/Volumes/GoogleDrive-116077131897504880587/Shared drives/Pure_Oxide_Descriptors/Manuscript_2/DFT_Data/bulk_data/+3/03_W2O3/no_sym/ICOHPLIST.lobster,9.131748966997757,-5.435051892349709,-10.295343480802426,5d,0.0,2.833,-1.686910459999979,OH,0.3453548599999863,O-OH,3.167,3,0,-3.5972400000000007,-3.4317811602674753,12.768891634309918,12.736666666666666,1.7,6,6,74
113,-0.7526936900000294,-13.41469,4,W,2,O,/Volumes/GoogleDrive-116077131897504880587/Shared drives/Pure_Oxide_Descriptors/Manuscript_2/DFT_Data/bulk_data/+4/02_WO2/no_sym/ICOHPLIST.lobster,7.764570910715464,-4.749690373236788,-13.63597795575858,5d,0.0,3.333,-1.4536935800000208,OH,0.7009998899999914,O-OH,2.667,2,0,-3.3536725,-3.408994488939645,12.800942094209422,12.8975,1.7,6,6,74
114,-0.0273224100000106,-13.41469,4,W,2,O,/Volumes/GoogleDrive-116077131897504880587/Shared drives/Pure_Oxide_Descriptors/Manuscript_2/DFT_Data/bulk_data/+4/02_WO2/no_sym/ICOHPLIST.lobster,7.764570910715464,-4.749690373236788,-13.63597795575858,5d,0.0,4.0,-0.8223370100000125,OH,0.7950146000000018,O-OH,2.0,2,0,-3.3536725,-3.408994488939645,12.8975,12.8975,1.7,6,6,74
115,-1.1611024299999997,-15.9907,5,W,1,O,/Volumes/GoogleDrive-116077131897504880587/Shared drives/Pure_Oxide_Descriptors/Manuscript_2/DFT_Data/bulk_data/+5/01_W2O5/no_sym/ICOHPLIST.lobster,5.88444438060808,-4.6564220482026535,-15.767658977195357,5d,0.0,4.0,-1.1664782000000002,OH,0.0053757700000005,O-OH,2.0,1,0,-3.19814,-3.153531795439071,12.8975,12.9532,1.7,6,6,74
116,-0.9181764400000249,-15.9907,5,W,1,O,/Volumes/GoogleDrive-116077131897504880587/Shared drives/Pure_Oxide_Descriptors/Manuscript_2/DFT_Data/bulk_data/+5/01_W2O5/no_sym/ICOHPLIST.lobster,5.88444438060808,-4.6564220482026535,-15.767658977195357,5d,0.0,5.0,-1.0328901199999905,OH,0.1147136799999657,O-OH,1.0,1,0,-3.19814,-3.153531795439071,12.9532,12.9532,1.7,6,6,74
118,-0.6407349999999497,-11.10006,3,Re,4,O,/Volumes/GoogleDrive-116077131897504880587/Shared drives/Pure_Oxide_Descriptors/Manuscript_2/DFT_Data/bulk_data/+3/04_Re2O3/no_sym/ICOHPLIST.lobster,10.020018489055335,-5.706482806756009,-11.223838489621883,5d,0.0,2.833,-1.228741819999982,OH,0.5880068200000323,O-OH,4.167,4,0,-3.70002,-3.7412794965406277,13.088351570773032,13.033333333333333,1.9,7,6,75
119,-0.4969995900000015,-14.33968,4,Re,3,O,/Volumes/GoogleDrive-116077131897504880587/Shared drives/Pure_Oxide_Descriptors/Manuscript_2/DFT_Data/bulk_data/+4/03_ReO2/no_sym/ICOHPLIST.lobster,8.930854793727422,-5.2070521362184845,-14.388278545433568,5d,0.0,3.333,-1.2456720500000245,OH,0.748672460000023,O-OH,3.667,3,0,-3.58492,-3.597069636358392,13.010021002100212,12.975,1.9,7,6,75
120,0.092132499999991,-14.33968,4,Re,3,O,/Volumes/GoogleDrive-116077131897504880587/Shared drives/Pure_Oxide_Descriptors/Manuscript_2/DFT_Data/bulk_data/+4/03_ReO2/no_sym/ICOHPLIST.lobster,8.930854793727422,-5.2070521362184845,-14.388278545433568,5d,0.0,4.0,-0.5968070200000284,OH,0.6889395200000195,O-OH,3.0,3,0,-3.58492,-3.597069636358392,12.975,12.975,1.9,7,6,75
121,0.1114729499999782,-17.0489,5,Re,2,O,/Volumes/GoogleDrive-116077131897504880587/Shared drives/Pure_Oxide_Descriptors/Manuscript_2/DFT_Data/bulk_data/+5/02_Re2O5/no_sym/ICOHPLIST.lobster,7.593754010300831,-4.280337832840422,-16.810986223493973,5d,0.0,4.0,-0.8600174800000104,OH,0.9714904299999888,O-OH,3.0,2,0,-3.40978,-3.3621972446987947,12.975,13.4,1.9,7,6,75
122,0.2946670599999947,-17.0489,5,Re,2,O,/Volumes/GoogleDrive-116077131897504880587/Shared drives/Pure_Oxide_Descriptors/Manuscript_2/DFT_Data/bulk_data/+5/02_Re2O5/no_sym/ICOHPLIST.lobster,7.593754010300831,-4.280337832840422,-16.810986223493973,5d,0.0,5.0,-0.6760553100000095,OH,0.9707223700000044,O-OH,2.0,2,0,-3.40978,-3.3621972446987947,13.4,13.4,1.9,7,6,75
123,0.6065444299999854,-20.04511,6,Re,1,O,/Volumes/GoogleDrive-116077131897504880587/Shared drives/Pure_Oxide_Descriptors/Manuscript_2/DFT_Data/bulk_data/+6/ReO3/no_sym/ICOHPLIST.lobster,5.754989377708871,-3.672166928823168,-20.116842163412823,5d,0.0,5.0,-0.5072324000000208,OH,1.1137768300000062,O-OH,2.0,1,0,-3.340851666666667,-3.3528070272354706,13.4,13.784999999999998,1.9,7,6,75
124,-0.3598906100000079,-10.615200000000002,3,Os,5,O,/Volumes/GoogleDrive-116077131897504880587/Shared drives/Pure_Oxide_Descriptors/Manuscript_2/DFT_Data/bulk_data/+3/05_Os2O3/no_sym/ICOHPLIST.lobster,10.638948635278814,-5.225050465241926,-10.7417699906723,5d,0.0,2.833,-1.0434500599999978,OH,0.68355944999999,O-OH,5.167,5,0,-3.5384000000000007,-3.5805899968907666,13.52912107306742,13.666666666666666,2.2,8,6,76
125,0.3907408999999973,-13.920360000000002,4,Os,4,O,/Volumes/GoogleDrive-116077131897504880587/Shared drives/Pure_Oxide_Descriptors/Manuscript_2/DFT_Data/bulk_data/+4/04_OsO2/no_sym/ICOHPLIST.lobster,9.730489916216673,-4.807806107734323,-13.870497791419272,5d,0.0,3.333,-0.6594035900000108,OH,1.050144490000008,O-OH,4.667,4,0,-3.4800900000000006,-3.467624447854818,13.699969996999702,13.75,2.2,8,6,76
126,0.6367953199999761,-13.920360000000002,4,Os,4,O,/Volumes/GoogleDrive-116077131897504880587/Shared drives/Pure_Oxide_Descriptors/Manuscript_2/DFT_Data/bulk_data/+4/04_OsO2/no_sym/ICOHPLIST.lobster,9.730489916216673,-4.807806107734323,-13.870497791419272,5d,0.0,4.0,-0.3630178800000294,OH,0.9998132000000056,O-OH,4.0,4,0,-3.4800900000000006,-3.467624447854818,13.75,13.75,2.2,8,6,76
127,0.5371384699999737,-16.331760000000003,5,Os,3,O,/Volumes/GoogleDrive-116077131897504880587/Shared drives/Pure_Oxide_Descriptors/Manuscript_2/DFT_Data/bulk_data/+5/03_Os2O5/no_sym/ICOHPLIST.lobster,8.672797620930625,-4.271991908303944,-15.75198030685114,5d,0.0,4.0,-0.3976839900000186,OH,0.9348224599999924,O-OH,4.0,3,0,-3.2663520000000004,-3.1503960613702278,13.75,14.02,2.2,8,6,76
128,0.8041538599999853,-16.331760000000003,5,Os,3,O,/Volumes/GoogleDrive-116077131897504880587/Shared drives/Pure_Oxide_Descriptors/Manuscript_2/DFT_Data/bulk_data/+5/03_Os2O5/no_sym/ICOHPLIST.lobster,8.672797620930625,-4.271991908303944,-15.75198030685114,5d,0.0,5.0,-0.3332735399999933,OH,1.1374273999999789,O-OH,3.0,3,0,-3.2663520000000004,-3.1503960613702278,14.02,14.02,2.2,8,6,76
129,1.3443458700000122,-18.35949,6,Os,2,O,/Volumes/GoogleDrive-116077131897504880587/Shared drives/Pure_Oxide_Descriptors/Manuscript_2/DFT_Data/bulk_data/+6/OsO3/no_sym/ICOHPLIST.lobster,7.374332383135992,-3.883140019943918,-18.90845692737952,5d,0.0,5.0,-0.1778749899999923,OH,1.5222208600000044,O-OH,3.0,2,0,-3.059915,-3.151409487896587,14.02,14.183333333333332,2.2,8,6,76
130,1.122192659999996,-10.06117,3,Ir,6,O,/Volumes/GoogleDrive-116077131897504880587/Shared drives/Pure_Oxide_Descriptors/Manuscript_2/DFT_Data/bulk_data/+3/06_Ir2O3/no_sym/ICOHPLIST.lobster,11.443825069350297,-4.682784780958731,-10.184229902801253,5d,0.0,2.833,-0.4576025300000026,OH,1.579795189999999,O-OH,6.167,6,0,-3.3537233333333334,-3.394743300933751,13.411930815390045,13.333333333333334,2.2,9,6,77
131,1.4617940899999835,-12.51601,4,Ir,5,O,/Volumes/GoogleDrive-116077131897504880587/Shared drives/Pure_Oxide_Descriptors/Manuscript_2/DFT_Data/bulk_data/+4/05_IrO2/no_sym/ICOHPLIST.lobster,10.638948635278814,-4.549620686866311,-12.82068090876445,5d,0.0,3.333,-0.344820779999992,OH,1.806614869999976,O-OH,5.667,5,0,-3.1290025,-3.2051702271911124,13.6996699669967,14.25,2.2,9,6,77
132,1.5364246399999786,-12.51601,4,Ir,5,O,/Volumes/GoogleDrive-116077131897504880587/Shared drives/Pure_Oxide_Descriptors/Manuscript_2/DFT_Data/bulk_data/+4/05_IrO2/no_sym/ICOHPLIST.lobster,10.638948635278814,-4.549620686866311,-12.82068090876445,5d,0.0,4.0,-0.2412552199999993,OH,1.777679859999978,O-OH,5.0,5,0,-3.1290025,-3.2051702271911124,14.25,14.25,2.2,9,6,77
133,1.776928579999975,-14.56933,5,Ir,4,O,/Volumes/GoogleDrive-116077131897504880587/Shared drives/Pure_Oxide_Descriptors/Manuscript_2/DFT_Data/bulk_data/+5/04_Ir2O5/no_sym/ICOHPLIST.lobster,9.730489916216673,-3.737383666475255,-13.843095728256156,5d,0.0,4.0,-0.0620090800000241,OH,1.8389376599999991,O-OH,5.0,4,0,-2.913866,-2.7686191456512312,14.25,14.4,2.2,9,6,77
134,1.9891797299999892,-14.56933,5,Ir,4,O,/Volumes/GoogleDrive-116077131897504880587/Shared drives/Pure_Oxide_Descriptors/Manuscript_2/DFT_Data/bulk_data/+5/04_Ir2O5/no_sym/ICOHPLIST.lobster,9.730489916216673,-3.737383666475255,-13.843095728256156,5d,0.0,5.0,0.2435988100000088,OH,1.7455809199999806,O-OH,4.0,4,0,-2.913866,-2.7686191456512312,14.4,14.4,2.2,9,6,77
135,2.287376850000001,-16.02269,6,Ir,3,O,/Volumes/GoogleDrive-116077131897504880587/Shared drives/Pure_Oxide_Descriptors/Manuscript_2/DFT_Data/bulk_data/+6/IrO3/no_sym/ICOHPLIST.lobster,8.672797620930625,-3.3574296260177894,-16.487602314628653,5d,0.0,5.0,0.4895394600000031,OH,1.797837389999998,O-OH,4.0,3,0,-2.6704483333333333,-2.7479337191047755,14.4,14.833333333333334,2.2,9,6,77
136,2.474496205000001,-5.927090000000001,2,Pt,8,O,/Volumes/GoogleDrive-116077131897504880587/Shared drives/Pure_Oxide_Descriptors/Manuscript_2/DFT_Data/bulk_data/+2/07_PtO/no_sym/ICOHPLIST.lobster,12.839458420143776,-3.911452241792635,-5.925038334327948,5d,0.0,1.93,0.4060973650000008,OH,2.0683988400000004,O-OH,8.07,8,0,-2.9635450000000003,-2.962519167163974,14.647253886010365,14.5,2.2,10,6,78
137,3.032802629999992,-8.33001,3,Pt,7,O,/Volumes/GoogleDrive-116077131897504880587/Shared drives/Pure_Oxide_Descriptors/Manuscript_2/DFT_Data/bulk_data/+3/07_Pt2O3/no_sym/ICOHPLIST.lobster,12.171663195331568,-4.198249363096411,-8.23550229951538,5d,0.0,2.833,0.7057685099999844,OH,2.3270341200000075,O-OH,7.167,7,0,-2.7766699999999997,-2.7451674331717935,14.352982703847513,14.333333333333334,2.2,10,6,78
138,2.7252547499999764,-10.71068,4,Pt,6,O,/Volumes/GoogleDrive-116077131897504880587/Shared drives/Pure_Oxide_Descriptors/Manuscript_2/DFT_Data/bulk_data/+4/06_PtO2/no_sym/ICOHPLIST.lobster,11.443825069350297,-3.602543197133614,-10.983570329991892,5d,0.0,3.333,0.5042582600000003,OH,2.220996489999976,O-OH,6.667,6,0,-2.67767,-2.745892582497973,14.2001200120012,14.0,2.2,10,6,78
139,2.594336840000011,-10.71068,4,Pt,6,O,/Volumes/GoogleDrive-116077131897504880587/Shared drives/Pure_Oxide_Descriptors/Manuscript_2/DFT_Data/bulk_data/+4/06_PtO2/no_sym/ICOHPLIST.lobster,11.443825069350297,-3.602543197133614,-10.983570329991892,5d,0.0,4.0,0.4092036500000091,OH,2.185133190000002,O-OH,6.0,6,0,-2.67767,-2.745892582497973,14.0,14.0,2.2,10,6,78
140,2.799072190000004,-12.2915,5,Pt,5,O,/Volumes/GoogleDrive-116077131897504880587/Shared drives/Pure_Oxide_Descriptors/Manuscript_2/DFT_Data/bulk_data/+5/05_Pt2O5/no_sym/ICOHPLIST.lobster,10.638948635278814,-2.996627592089168,-11.632457036766985,5d,0.0,4.0,0.4276092400000095,OH,2.3714629499999944,O-OH,6.0,5,0,-2.4583,-2.326491407353397,14.0,15.0,2.2,10,6,78
141,2.7541165699999794,-12.2915,5,Pt,5,O,/Volumes/GoogleDrive-116077131897504880587/Shared drives/Pure_Oxide_Descriptors/Manuscript_2/DFT_Data/bulk_data/+5/05_Pt2O5/no_sym/ICOHPLIST.lobster,10.638948635278814,-2.996627592089168,-11.632457036766985,5d,0.0,5.0,0.4115735799999811,OH,2.3425429899999983,O-OH,5.0,5,0,-2.4583,-2.326491407353397,15.0,15.0,2.2,10,6,78
142,4.330782670000005,-6.40751,3,Au,8,O,/Volumes/GoogleDrive-116077131897504880587/Shared drives/Pure_Oxide_Descriptors/Manuscript_2/DFT_Data/bulk_data/+3/08_Au2O3/no_sym/ICOHPLIST.lobster,12.617955545718331,-3.1979961406847845,-6.339199662184702,5d,0.0,2.833,1.8421802500000128,OH,2.4886024199999923,O-OH,8.167,8,0,-2.1358366666666666,-2.1130665540615676,15.0,15.0,2.4,11,6,79
143,4.106723360000004,-8.63348,4,Au,7,O,/Volumes/GoogleDrive-116077131897504880587/Shared drives/Pure_Oxide_Descriptors/Manuscript_2/DFT_Data/bulk_data/+4/07_AuO2/no_sym/ICOHPLIST.lobster,11.961680944049498,-2.6612035957281304,-8.994656775423831,5d,0.0,3.333,1.5057529100000124,OH,2.6009704499999917,O-OH,7.667,7,0,-2.15837,-2.2486641938559577,15.0,15.0,2.4,11,6,79
144,4.089805870000006,-8.63348,4,Au,7,O,/Volumes/GoogleDrive-116077131897504880587/Shared drives/Pure_Oxide_Descriptors/Manuscript_2/DFT_Data/bulk_data/+4/07_AuO2/no_sym/ICOHPLIST.lobster,11.961680944049498,-2.6612035957281304,-8.994656775423831,5d,0.0,4.0,1.3927296500000068,OH,2.69707622,O-OH,7.0,7,0,-2.15837,-2.2486641938559577,15.0,15.0,2.4,11,6,79
145,4.08754252,-10.12975,5,Au,6,O,/Volumes/GoogleDrive-116077131897504880587/Shared drives/Pure_Oxide_Descriptors/Manuscript_2/DFT_Data/bulk_data/+5/06_Au2O5/no_sym/ICOHPLIST.lobster,11.24639928515163,-2.315973364482716,-9.964692021888034,5d,0.0,4.0,1.4952997799999963,OH,2.592242740000003,O-OH,7.0,6,0,-2.02595,-1.9929384043776068,15.0,14.8,2.4,11,6,79
146,4.7293125000000025,-3.15756,2,Hg,10,O,/Volumes/GoogleDrive-116077131897504880587/Shared drives/Pure_Oxide_Descriptors/Manuscript_2/DFT_Data/bulk_data/+2/09_HgO/no_sym/ICOHPLIST.lobster,14.455879731348675,-1.9404296481985517,-3.1161694420121124,5d,0.0,1.93,1.9369095050000027,OH,2.792402995,O-OH,10.07,10,0,-1.57878,-1.5580847210060562,17.28537870466321,17.23,1.9,12,6,80
147,4.921097810000006,-4.41243,3,Hg,9,O,/Volumes/GoogleDrive-116077131897504880587/Shared drives/Pure_Oxide_Descriptors/Manuscript_2/DFT_Data/bulk_data/+3/09_Hg2O3/no_sym/ICOHPLIST.lobster,13.85930748292667,-2.09323360617696,-4.522030412469957,5d,0.0,2.833,2.160839690000003,OH,2.760258120000003,O-OH,9.167,9,0,-1.47081,-1.5073434708233189,16.306731380162372,16.183333333333334,1.9,12,6,80
148,5.447956660000003,-6.453000000000002,4,Hg,8,O,/Volumes/GoogleDrive-116077131897504880587/Shared drives/Pure_Oxide_Descriptors/Manuscript_2/DFT_Data/bulk_data/+4/08_HgO2/no_sym/ICOHPLIST.lobster,13.22149366239918,-2.011696808610059,-5.8371394410042186,5d,0.0,3.333,2.809764130000005,OH,2.6381925299999978,O-OH,8.667,8,0,-1.6132500000000005,-1.4592848602510546,15.83031803180318,15.3,1.9,12,6,80
149,5.982212809999993,-6.453000000000002,4,Hg,8,O,/Volumes/GoogleDrive-116077131897504880587/Shared drives/Pure_Oxide_Descriptors/Manuscript_2/DFT_Data/bulk_data/+4/08_HgO2/no_sym/ICOHPLIST.lobster,13.22149366239918,-2.011696808610059,-5.8371394410042186,5d,0.0,4.0,2.738819319999997,OH,3.2433934899999954,O-OH,8.0,8,0,-1.6132500000000005,-1.4592848602510546,15.3,15.3,1.9,12,6,80
150,4.463025929999986,-3.9579,3,Tl,10,O,/Volumes/GoogleDrive-116077131897504880587/Shared drives/Pure_Oxide_Descriptors/Manuscript_2/DFT_Data/bulk_data/+3/10_Tl2O3/no_sym/ICOHPLIST.lobster,14.613045802786036,-1.723692383271133,-3.8416680838415194,5d,-4.16674,2.833,2.0933311899999865,OH,2.36969474,O-OH,10.167,10,0,-1.3193,-1.280556027947173,16.796648076244264,17.046666666666667,1.8,13,6,81
151,5.082935430000006,-0.73136,4,Tl,9,O,/Volumes/GoogleDrive-116077131897504880587/Shared drives/Pure_Oxide_Descriptors/Manuscript_2/DFT_Data/bulk_data/+4/09_TlO2/no_sym/ICOHPLIST.lobster,14.009987548783222,-1.6501125952993754,-0.747556827883394,5d,-0.5860525,3.333,2.4098369300000115,OH,2.6730984999999947,O-OH,9.667,9,0,-0.18284,-0.1868892069708485,16.488502850285027,15.65,1.8,13,6,81
152,5.473931000000007,-0.73136,4,Tl,9,O,/Volumes/GoogleDrive-116077131897504880587/Shared drives/Pure_Oxide_Descriptors/Manuscript_2/DFT_Data/bulk_data/+4/09_TlO2/no_sym/ICOHPLIST.lobster,14.009987548783222,-1.6501125952993754,-0.747556827883394,5d,-0.5860525,4.0,2.08294810000001,OH,3.3909828999999974,O-OH,9.0,9,0,-0.18284,-0.1868892069708485,15.65,15.65,1.8,13,6,81
153,5.109737129999985,-0.7740999999999999,4,Pb,10,O,/Volumes/GoogleDrive-116077131897504880587/Shared drives/Pure_Oxide_Descriptors/Manuscript_2/DFT_Data/bulk_data/+4/10_PbO2/no_sym/ICOHPLIST.lobster,14.613045802786036,-1.6091288722535704,-0.7520756681944384,5d,-0.6837225,3.333,2.0040039300000103,OH,3.1057331999999747,O-OH,10.667,10,0,-0.19352499999999997,-0.1880189170486096,15.3453997959796,17.2,1.8,14,6,82
154,4.810528070000004,-0.7740999999999999,4,Pb,10,O,/Volumes/GoogleDrive-116077131897504880587/Shared drives/Pure_Oxide_Descriptors/Manuscript_2/DFT_Data/bulk_data/+4/10_PbO2/no_sym/ICOHPLIST.lobster,14.613045802786036,-1.6091288722535704,-0.7520756681944384,5d,-0.6837225,4.0,1.9783995800000012,OH,2.8321284900000023,O-OH,10.0,10,0,-0.19352499999999997,-0.1880189170486096,17.2,17.2,1.8,14,6,82
